https://www.facebook.com/vertigo.tecnologia/;
https://twitter.com/vertigobr;
https://www.linkedin.com/company/vertigo-tecnologia/;
https://vertigo.com.br/;
https://vertigo.com.br/;
https://vertigo.com.br/solucoes/;
https://vertigo.com.br/solucoes/api/;
https://vertigo.com.br/solucoes/cloud_native/;
https://vertigo.com.br/solucoes/produtos_digitais/;
https://vertigo.com.br/parcerias/;
https://vertigo.com.br/parcerias/aws/;
https://vertigo.com.br/parcerias/hashicorp/;
https://vertigo.com.br/parcerias/kong/;
https://vertigo.com.br/parcerias/liferay/;
https://vertigo.com.br/parcerias/mirantis/;
https://vertigo.com.br/parcerias/take-blip/;
https://vertigo.com.br/parcerias/weaveworks/;
https://vertigo.com.br/materiais/;
https://vertigo.com.br/contato/;
https://vertigo.com.br/carreiras/;
https://vertigo.com.br/blog/;
https://vertigo.com.br/select-your-language-privacy-policy/;
https://www.facebook.com/vertigo.tecnologia/;
https://twitter.com/vertigobr;
https://www.linkedin.com/company/vertigo-tecnologia/;
https://vertigo.com.br/chatbots-sua-empresa-ja-utiliza-confira-5-segmentos-beneficiados/;
https://vertigo.com.br/chatbots-sua-empresa-ja-utiliza-confira-5-segmentos-beneficiados/;
https://vertigo.com.br/ferramentas-devops-5-dicas-para-voce-utilizar-em-2022/;
https://vertigo.com.br/ferramentas-devops-5-dicas-para-voce-utilizar-em-2022/;
https://vertigo.com.br/dia-internacional-da-mulher-conheca-a-trajetoria-e-a-superacao-de-colaboradoras-da-vertigo/;
https://vertigo.com.br/dia-internacional-da-mulher-conheca-a-trajetoria-e-a-superacao-de-colaboradoras-da-vertigo/;
https://www.facebook.com/vertigo.tecnologia/;
https://www.instagram.com/vertigotecnologia/;
https://www.linkedin.com/company/216504/admin/;
https://twitter.com/vertigobr;
https://www.youtube.com/user/brvertigo;
https://vertigo.gupy.io/;
https://vertigo.com.br/politica-de-privacidade/;
https://vertigo.com.br/select-your-language-privacy-policy/;
